Type,Name,Request Count,Failure Count,Median Response Time,Average Response Time,Min Response Time,Max Response Time,Average Content Size,Requests/s,Failures/s,50%,66%,75%,80%,90%,95%,98%,99%,99.9%,99.99%,100%
POST,GetUserPlaylists,48227,0,64,67.53420443735325,1.3329999992492958,298.4500000002299,666.0,269.02684804665273,0.0,64,77,86,92,110,120,140,150,200,270,300
POST,GetUsers,48116,0,66,69.69358314905705,3.834099999949103,281.09089999998105,59028.0,268.4076517430639,0.0,66,79,88,94,110,130,140,160,210,240,280
,Aggregated,96343,0,65,68.61264984690423,1.3329999992492958,298.4500000002299,29813.37959166727,537.4344997897167,0.0,65,78,87,93,110,120,140,160,210,250,300
