Type,Name,Request Count,Failure Count,Median Response Time,Average Response Time,Min Response Time,Max Response Time,Average Content Size,Requests/s,Failures/s,50%,66%,75%,80%,90%,95%,98%,99%,99.9%,99.99%,100%
GET,/users,14329,0,7,6.801489664317144,1.861300000200572,27.479399999720044,37784.0,80.1675303909352,0.0,7,8,9,9,10,12,14,16,21,26,27
GET,/users/[id]/playlists,14255,0,5,5.183230992638748,0.8009000002857647,26.109899999937625,93.0,79.7535170439515,0.0,5,6,7,7,9,10,12,14,20,24,26
,Aggregated,28584,0,6,5.994455051779533,0.8009000002857647,27.479399999720044,18987.28837811363,159.9210474348867,0.0,6,7,8,8,10,11,13,15,21,26,27
