Type,Name,Request Count,Failure Count,Median Response Time,Average Response Time,Min Response Time,Max Response Time,Average Content Size,Requests/s,Failures/s,50%,66%,75%,80%,90%,95%,98%,99%,99.9%,99.99%,100%
GET,/users,57514,0,5,6.945602204679938,1.8492999997761217,80.04719999917143,37945.0,320.5803937499161,0.0,5,7,9,10,13,16,20,23,42,65,80
GET,/users/[id]/playlists,57959,0,5,6.182906602943157,0.6875999997646431,77.81130000057601,140.0,323.06080330617567,0.0,5,7,8,9,13,16,20,23,42,74,78
,Aggregated,115473,0,5,6.562784798177383,0.6875999997646431,80.04719999917143,18969.655157482703,643.6411970560918,0.0,5,7,9,10,13,16,20,23,42,74,80
