Type,Name,Request Count,Failure Count,Median Response Time,Average Response Time,Min Response Time,Max Response Time,Average Content Size,Requests/s,Failures/s,50%,66%,75%,80%,90%,95%,98%,99%,99.9%,99.99%,100%
grpc,GetUserPlaylists,14378,0,1,1.0953540130755322,0,10,0.0,80.10476121091521,0.0,1,1,1,2,2,3,3,3,5,8,10
grpc,GetUsers,14325,0,3,3.41891797556719,1,19,0.0,79.809480063038,0.0,3,4,4,5,5,6,7,7,10,17,19
,Aggregated,28703,0,2,2.254990767515591,0,19,0.0,159.9142412739532,0.0,2,3,3,4,5,5,7,7,9,12,19
