Type,Name,Request Count,Failure Count,Median Response Time,Average Response Time,Min Response Time,Max Response Time,Average Content Size,Requests/s,Failures/s,50%,66%,75%,80%,90%,95%,98%,99%,99.9%,99.99%,100%
POST,GetUserPlaylists,3585,0,61,90.29371718270428,2.9058999998596846,900.0565999999708,656.0,20.026284350322538,0.0,61,91,110,130,200,280,370,450,740,900,900
POST,GetUsers,3523,0,1800,1799.4915644621049,37.730200000169134,2972.836500000085,91399.0,19.67994414677442,0.0,1800,2000,2100,2100,2300,2400,2500,2600,2800,3000,3000
,Aggregated,7108,0,360,937.4383452025857,2.9058999998596846,2972.836500000085,45631.74409116489,39.70622849709696,0.0,360,1700,1800,1900,2100,2300,2400,2500,2800,3000,3000
