Type,Name,Request Count,Failure Count,Median Response Time,Average Response Time,Min Response Time,Max Response Time,Average Content Size,Requests/s,Failures/s,50%,66%,75%,80%,90%,95%,98%,99%,99.9%,99.99%,100%
grpc,GetUserPlaylists,50984,0,0,0.15193001726031696,0,10,0.0,284.89608271447844,0.0,0,0,0,0,1,1,1,1,2,4,10
grpc,GetUsers,51200,0,2,2.061328125,2,13,0.0,286.10308008358106,0.0,2,2,2,2,2,2,3,4,7,9,13
,Aggregated,102184,0,2,1.1086471463242777,0,13,0.0,570.9991627980595,0.0,2,2,2,2,2,2,2,3,6,8,13
