Type,Name,Request Count,Failure Count,Median Response Time,Average Response Time,Min Response Time,Max Response Time,Average Content Size,Requests/s,Failures/s,50%,66%,75%,80%,90%,95%,98%,99%,99.9%,99.99%,100%
grpc,GetUserPlaylists,14358,0,1,1.1844964479732554,0,10,0.0,79.9806992181497,0.0,1,1,2,2,2,3,3,4,5,7,10
grpc,GetUsers,14324,0,3,3.508098296565205,2,20,0.0,79.79130349636274,0.0,3,4,4,5,6,7,8,8,12,17,20
,Aggregated,28682,0,2,2.344920158984729,0,20,0.0,159.77200271451244,0.0,2,3,3,4,5,6,7,8,11,15,20
