Type,Name,Request Count,Failure Count,Median Response Time,Average Response Time,Min Response Time,Max Response Time,Average Content Size,Requests/s,Failures/s,50%,66%,75%,80%,90%,95%,98%,99%,99.9%,99.99%,100%
GET,/users,9460,0,1900,1919.0138517019093,218.87820000029024,2338.7858999994933,37784.0,52.8723096727067,0.0,1900,2000,2000,2000,2100,2100,2200,2200,2300,2300,2300
GET,/users/[id]/playlists,9679,0,1200,1177.2866271825512,2.9261999998198007,1585.2453999996214,93.0,54.096309230668936,0.0,1200,1200,1300,1300,1300,1400,1400,1500,1500,1600,1600
,Aggregated,19139,0,1400,1543.9065939495285,2.9261999998198007,2338.7858999994933,18722.858404305345,106.96861890337564,0.0,1400,1900,1900,2000,2000,2100,2100,2200,2300,2300,2300
