Type,Name,Request Count,Failure Count,Median Response Time,Average Response Time,Min Response Time,Max Response Time,Average Content Size,Requests/s,Failures/s,50%,66%,75%,80%,90%,95%,98%,99%,99.9%,99.99%,100%
POST,getUserPlaylists,42703,0,110,115.32294942509816,1.2425000004441245,303.54610000085813,126.0,238.1828226164249,0.0,110,130,140,140,160,170,190,210,260,300,300
POST,getUsers,42306,0,120,117.97432370112693,4.649999999855936,317.17029999981605,39807.0,235.96849152543078,0.0,120,130,140,150,160,180,200,210,250,300,320
,Aggregated,85009,0,110,116.64244547988912,1.2425000004441245,317.17029999981605,19873.84300485831,474.15131414185566,0.0,110,130,140,140,160,180,200,210,260,300,320
