Type,Name,Request Count,Failure Count,Median Response Time,Average Response Time,Min Response Time,Max Response Time,Average Content Size,Requests/s,Failures/s,50%,66%,75%,80%,90%,95%,98%,99%,99.9%,99.99%,100%
POST,getUserPlaylists,14168,0,6,7.1099917137229065,0.9603999997125356,60.143699999571254,126.0,79.2735071213797,0.0,6,8,10,11,14,17,21,24,38,57,60
POST,getUsers,14086,0,10,11.096752648023566,4.464200000256824,80.46850000027916,39807.0,78.81469659173872,0.0,10,12,14,15,18,21,24,28,42,76,80
,Aggregated,28254,0,8,9.097586904512111,0.9603999997125356,80.46850000027916,19908.918029305583,158.08820371311842,0.0,8,11,12,13,16,19,23,26,41,70,80
